-- usuario
INSERT INTO ctop.usuario(numct,contrasenia,nombre,paterno,materno,estaActivo,correo,celular,pumaPuntos,esProveedor,esAdministrador) VALUES ('981139872','$2a$10$b/cjHQrLX8JQhSICVlB/X.uZBrXD1fezkehBjin.Jh8KSU.1C0waK','Sal','McClory','Killingworth',false,'skillingworth0@jigsy.com','3556525442',397,false,false);
INSERT INTO ctop.usuario(numct,contrasenia,nombre,paterno,materno,estaActivo,correo,celular,pumaPuntos,esProveedor,esAdministrador) VALUES ('354684529','$2a$10$b/cjHQrLX8JQhSICVlB/X.uZBrXD1fezkehBjin.Jh8KSU.1C0waK','Diahann','Leathem','Boyd',true,'dboyd1@reddit.com','1859424518',199,false,false);
INSERT INTO ctop.usuario(numct,contrasenia,nombre,paterno,materno,estaActivo,correo,celular,pumaPuntos,esProveedor,esAdministrador) VALUES ('877648756','$2a$10$b/cjHQrLX8JQhSICVlB/X.uZBrXD1fezkehBjin.Jh8KSU.1C0waK','Loren','Arkell','Mitcham',true,'lmitcham2@chron.com','0127665971',173,false,false);
INSERT INTO ctop.usuario(numct,contrasenia,nombre,paterno,materno,estaActivo,correo,celular,pumaPuntos,esProveedor,esAdministrador) VALUES ('887381618','$2a$10$b/cjHQrLX8JQhSICVlB/X.uZBrXD1fezkehBjin.Jh8KSU.1C0waK','Abramo','Huddles','Lamping',false,'alamping3@umn.edu','9273877879',91,false,false);
INSERT INTO ctop.usuario(numct,contrasenia,nombre,paterno,materno,estaActivo,correo,celular,pumaPuntos,esProveedor,esAdministrador) VALUES ('238873962','$2a$10$b/cjHQrLX8JQhSICVlB/X.uZBrXD1fezkehBjin.Jh8KSU.1C0waK','Mallory','Coupland','Hardware',true,'mhardware4@weebly.com','0007878233',427,true,false);
INSERT INTO ctop.usuario(numct,contrasenia,nombre,paterno,materno,estaActivo,correo,celular,pumaPuntos,esProveedor,esAdministrador) VALUES ('245162950','$2a$10$b/cjHQrLX8JQhSICVlB/X.uZBrXD1fezkehBjin.Jh8KSU.1C0waK','Oralle','Brann','Neagle',true,'oneagle5@vistaprint.com','1211113004',469,false,false);
INSERT INTO ctop.usuario(numct,contrasenia,nombre,paterno,materno,estaActivo,correo,celular,pumaPuntos,esProveedor,esAdministrador) VALUES ('793558636','$2a$10$b/cjHQrLX8JQhSICVlB/X.uZBrXD1fezkehBjin.Jh8KSU.1C0waK','Josephine','Vosper','McKevitt',true,'jmckevitt6@360.cn','8254164262',196,false,false);
INSERT INTO ctop.usuario(numct,contrasenia,nombre,paterno,materno,estaActivo,correo,celular,pumaPuntos,esProveedor,esAdministrador) VALUES ('500007261','$2a$10$b/cjHQrLX8JQhSICVlB/X.uZBrXD1fezkehBjin.Jh8KSU.1C0waK','Logan','Bockett','Clardge',false,'lclardge7@constantcontact.com','1236209742',226,true,true);
INSERT INTO ctop.usuario(numct,contrasenia,nombre,paterno,materno,estaActivo,correo,celular,pumaPuntos,esProveedor,esAdministrador) VALUES ('802924651','$2a$10$b/cjHQrLX8JQhSICVlB/X.uZBrXD1fezkehBjin.Jh8KSU.1C0waK','Melisandra','Wolsey','Luckham',false,'mluckham8@live.com','4554872917',452,false,false);
INSERT INTO ctop.usuario(numct,contrasenia,nombre,paterno,materno,estaActivo,correo,celular,pumaPuntos,esProveedor,esAdministrador) VALUES ('558096630','$2a$10$b/cjHQrLX8JQhSICVlB/X.uZBrXD1fezkehBjin.Jh8KSU.1C0waK','Anna-maria','Shitliff','Matuszak',true,'amatuszak9@plala.or.jp','1357956107',446,false,false);
INSERT INTO ctop.usuario(numct,contrasenia,nombre,paterno,materno,estaActivo,correo,celular,pumaPuntos,esProveedor,esAdministrador) VALUES ('731851247','$2a$10$b/cjHQrLX8JQhSICVlB/X.uZBrXD1fezkehBjin.Jh8KSU.1C0waK','Wandie','Bonus','Andriuzzi',true,'wandriuzzia@sun.com','2580255746',335,false,false);
INSERT INTO ctop.usuario(numct,contrasenia,nombre,paterno,materno,estaActivo,correo,celular,pumaPuntos,esProveedor,esAdministrador) VALUES ('011627981','$2a$10$b/cjHQrLX8JQhSICVlB/X.uZBrXD1fezkehBjin.Jh8KSU.1C0waK','Neils','Van''t Hoff','Doge',false,'ndogeb@privacy.gov.au','1177329161',47,false,false);
INSERT INTO ctop.usuario(numct,contrasenia,nombre,paterno,materno,estaActivo,correo,celular,pumaPuntos,esProveedor,esAdministrador) VALUES ('413012120','$2a$10$b/cjHQrLX8JQhSICVlB/X.uZBrXD1fezkehBjin.Jh8KSU.1C0waK','Colman','Ferrers','Monkton',true,'cmonktonc@va.gov','8513086993',297,false,false);
INSERT INTO ctop.usuario(numct,contrasenia,nombre,paterno,materno,estaActivo,correo,celular,pumaPuntos,esProveedor,esAdministrador) VALUES ('815122826','$2a$10$b/cjHQrLX8JQhSICVlB/X.uZBrXD1fezkehBjin.Jh8KSU.1C0waK','Meridel','Playford','Dell''Abbate',true,'mdellabbated@symantec.com','9345020068',280,false,false);
INSERT INTO ctop.usuario(numct,contrasenia,nombre,paterno,materno,estaActivo,correo,celular,pumaPuntos,esProveedor,esAdministrador) VALUES ('283777020','$2a$10$b/cjHQrLX8JQhSICVlB/X.uZBrXD1fezkehBjin.Jh8KSU.1C0waK','Bartram','Trill','DeSousa',false,'bdesousae@chronoengine.com','3069093598',245,false,false);
INSERT INTO ctop.usuario(numct,contrasenia,nombre,paterno,materno,estaActivo,correo,celular,pumaPuntos,esProveedor,esAdministrador) VALUES ('928893424','$2a$10$b/cjHQrLX8JQhSICVlB/X.uZBrXD1fezkehBjin.Jh8KSU.1C0waK','Brianne','Kemmish','Eastment',true,'beastmentf@amazon.com','1281191275',245,false,false);
INSERT INTO ctop.usuario(numct,contrasenia,nombre,paterno,materno,estaActivo,correo,celular,pumaPuntos,esProveedor,esAdministrador) VALUES ('700087311','$2a$10$b/cjHQrLX8JQhSICVlB/X.uZBrXD1fezkehBjin.Jh8KSU.1C0waK','Jessica','Goodspeed','Bartholomew',true,'jbartholomewg@unblog.fr','3084126790',250,false,false);
INSERT INTO ctop.usuario(numct,contrasenia,nombre,paterno,materno,estaActivo,correo,celular,pumaPuntos,esProveedor,esAdministrador) VALUES ('020610978','$2a$10$b/cjHQrLX8JQhSICVlB/X.uZBrXD1fezkehBjin.Jh8KSU.1C0waK','Ethel','Pinniger','Sorsby',false,'esorsbyh@meetup.com','2135031448',237,false,false);
INSERT INTO ctop.usuario(numct,contrasenia,nombre,paterno,materno,estaActivo,correo,celular,pumaPuntos,esProveedor,esAdministrador) VALUES ('184740537','$2a$10$b/cjHQrLX8JQhSICVlB/X.uZBrXD1fezkehBjin.Jh8KSU.1C0waK','Lexis','Sturgeon','Maccaddie',true,'lmaccaddiei@google.com.hk','9877709748',296,false,false);
INSERT INTO ctop.usuario(numct,contrasenia,nombre,paterno,materno,estaActivo,correo,celular,pumaPuntos,esProveedor,esAdministrador) VALUES ('320481361','$2a$10$b/cjHQrLX8JQhSICVlB/X.uZBrXD1fezkehBjin.Jh8KSU.1C0waK','Linus','Rolfe','Etoile',false,'letoilej@flickr.com','4506876074',433,false,false);
INSERT INTO ctop.usuario(numct,contrasenia,nombre,paterno,materno,estaActivo,correo,celular,pumaPuntos,esProveedor,esAdministrador) VALUES ('816416111','$2a$10$b/cjHQrLX8JQhSICVlB/X.uZBrXD1fezkehBjin.Jh8KSU.1C0waK','Brant','Coweuppe','Gate',true,'bgatek@reuters.com','9498115504',441,false,false);
INSERT INTO ctop.usuario(numct,contrasenia,nombre,paterno,materno,estaActivo,correo,celular,pumaPuntos,esProveedor,esAdministrador) VALUES ('876317387','$2a$10$b/cjHQrLX8JQhSICVlB/X.uZBrXD1fezkehBjin.Jh8KSU.1C0waK','Hayes','Borland','Dewett',false,'hdewettl@squarespace.com','4929254145',179,false,false);
INSERT INTO ctop.usuario(numct,contrasenia,nombre,paterno,materno,estaActivo,correo,celular,pumaPuntos,esProveedor,esAdministrador) VALUES ('953912627','$2a$10$b/cjHQrLX8JQhSICVlB/X.uZBrXD1fezkehBjin.Jh8KSU.1C0waK','Bartholomeo','Scryne','Hache',true,'bhachem@jiathis.com','2412175456',422,false,false);
INSERT INTO ctop.usuario(numct,contrasenia,nombre,paterno,materno,estaActivo,correo,celular,pumaPuntos,esProveedor,esAdministrador) VALUES ('239066540','$2a$10$b/cjHQrLX8JQhSICVlB/X.uZBrXD1fezkehBjin.Jh8KSU.1C0waK','Benjamin','Thorn','De Gouy',true,'bdegouyn@patch.com','7057552057',174,true,false);
INSERT INTO ctop.usuario(numct,contrasenia,nombre,paterno,materno,estaActivo,correo,celular,pumaPuntos,esProveedor,esAdministrador) VALUES ('918961839','$2a$10$b/cjHQrLX8JQhSICVlB/X.uZBrXD1fezkehBjin.Jh8KSU.1C0waK','Victoria','Escot','Farish',true,'vfarisho@paginegialle.it','7498234619',325,true,true);
INSERT INTO ctop.usuario(numct,contrasenia,nombre,paterno,materno,estaActivo,correo,celular,pumaPuntos,esProveedor,esAdministrador) VALUES ('392309313','$2a$10$b/cjHQrLX8JQhSICVlB/X.uZBrXD1fezkehBjin.Jh8KSU.1C0waK','Elwin','Winpenny','Waters',true,'ewatersp@xrea.com','0227346013',185,false,false);
INSERT INTO ctop.usuario(numct,contrasenia,nombre,paterno,materno,estaActivo,correo,celular,pumaPuntos,esProveedor,esAdministrador) VALUES ('008005363','$2a$10$b/cjHQrLX8JQhSICVlB/X.uZBrXD1fezkehBjin.Jh8KSU.1C0waK','Tanny','Paffitt','Kleinhandler',true,'tkleinhandlerq@barnesandnoble.com','9621730843',325,false,false);
INSERT INTO ctop.usuario(numct,contrasenia,nombre,paterno,materno,estaActivo,correo,celular,pumaPuntos,esProveedor,esAdministrador) VALUES ('590864864','$2a$10$b/cjHQrLX8JQhSICVlB/X.uZBrXD1fezkehBjin.Jh8KSU.1C0waK','Mildred','Cockhill','Mulhall',false,'mmulhallr@theglobeandmail.com','3276788840',285,false,false);
INSERT INTO ctop.usuario(numct,contrasenia,nombre,paterno,materno,estaActivo,correo,celular,pumaPuntos,esProveedor,esAdministrador) VALUES ('710199949','$2a$10$b/cjHQrLX8JQhSICVlB/X.uZBrXD1fezkehBjin.Jh8KSU.1C0waK','Twila','Grouer','Gwillym',false,'tgwillyms@domainmarket.com','7600744924',301,true,true);
INSERT INTO ctop.usuario(numct,contrasenia,nombre,paterno,materno,estaActivo,correo,celular,pumaPuntos,esProveedor,esAdministrador) VALUES ('213214685','$2a$10$b/cjHQrLX8JQhSICVlB/X.uZBrXD1fezkehBjin.Jh8KSU.1C0waK','Daphne','Colleran','Jayme',true,'djaymet@tumblr.com','7849848113',40,false,false);
INSERT INTO ctop.usuario(numct,contrasenia,nombre,paterno,materno,estaActivo,correo,celular,pumaPuntos,esProveedor,esAdministrador) VALUES ('538909247','$2a$10$b/cjHQrLX8JQhSICVlB/X.uZBrXD1fezkehBjin.Jh8KSU.1C0waK','Broddie','Van der Veldt','O'' Mulderrig',true,'bomulderrigu@nationalgeographic.com','3603448598',20,false,false);
INSERT INTO ctop.usuario(numct,contrasenia,nombre,paterno,materno,estaActivo,correo,celular,pumaPuntos,esProveedor,esAdministrador) VALUES ('874919607','$2a$10$b/cjHQrLX8JQhSICVlB/X.uZBrXD1fezkehBjin.Jh8KSU.1C0waK','Garland','Philpott','Ambrosch',false,'gambroschv@ycombinator.com','6311657439',177,true,false);
INSERT INTO ctop.usuario(numct,contrasenia,nombre,paterno,materno,estaActivo,correo,celular,pumaPuntos,esProveedor,esAdministrador) VALUES ('545765044','$2a$10$b/cjHQrLX8JQhSICVlB/X.uZBrXD1fezkehBjin.Jh8KSU.1C0waK','Nickola','Toffaloni','Sillitoe',false,'nsillitoew@economist.com','7812177355',419,false,false);
INSERT INTO ctop.usuario(numct,contrasenia,nombre,paterno,materno,estaActivo,correo,celular,pumaPuntos,esProveedor,esAdministrador) VALUES ('051735542','$2a$10$b/cjHQrLX8JQhSICVlB/X.uZBrXD1fezkehBjin.Jh8KSU.1C0waK','Giacopo','Coffey','Kilmister',false,'gkilmisterx@answers.com','0535801606',455,false,false);
INSERT INTO ctop.usuario(numct,contrasenia,nombre,paterno,materno,estaActivo,correo,celular,pumaPuntos,esProveedor,esAdministrador) VALUES ('272605035','$2a$10$b/cjHQrLX8JQhSICVlB/X.uZBrXD1fezkehBjin.Jh8KSU.1C0waK','Honoria','Burrows','Presshaugh',true,'hpresshaughy@etsy.com','1047251901',124,false,false);
INSERT INTO ctop.usuario(numct,contrasenia,nombre,paterno,materno,estaActivo,correo,celular,pumaPuntos,esProveedor,esAdministrador) VALUES ('672787739','$2a$10$b/cjHQrLX8JQhSICVlB/X.uZBrXD1fezkehBjin.Jh8KSU.1C0waK','Amble','Stearne','Melwall',true,'amelwallz@arstechnica.com','6840100303',335,false,false);
INSERT INTO ctop.usuario(numct,contrasenia,nombre,paterno,materno,estaActivo,correo,celular,pumaPuntos,esProveedor,esAdministrador) VALUES ('477503983','$2a$10$b/cjHQrLX8JQhSICVlB/X.uZBrXD1fezkehBjin.Jh8KSU.1C0waK','Mollie','Killiam','Gibbins',true,'mgibbins10@springer.com','9316457292',435,false,false);
INSERT INTO ctop.usuario(numct,contrasenia,nombre,paterno,materno,estaActivo,correo,celular,pumaPuntos,esProveedor,esAdministrador) VALUES ('980227740','$2a$10$b/cjHQrLX8JQhSICVlB/X.uZBrXD1fezkehBjin.Jh8KSU.1C0waK','Marietta','Hanford','Celle',false,'mcelle11@mapy.cz','7790767122',13,true,false);
INSERT INTO ctop.usuario(numct,contrasenia,nombre,paterno,materno,estaActivo,correo,celular,pumaPuntos,esProveedor,esAdministrador) VALUES ('403890238','$2a$10$b/cjHQrLX8JQhSICVlB/X.uZBrXD1fezkehBjin.Jh8KSU.1C0waK','Isac','Coull','Killford',true,'ikillford12@wix.com','8956508968',136,true,false);
INSERT INTO ctop.usuario(numct,contrasenia,nombre,paterno,materno,estaActivo,correo,celular,pumaPuntos,esProveedor,esAdministrador) VALUES ('127948051','$2a$10$b/cjHQrLX8JQhSICVlB/X.uZBrXD1fezkehBjin.Jh8KSU.1C0waK','Blondie','Stott','Cuningham',false,'bcuningham13@ustream.tv','6247760772',163,false,false);
INSERT INTO ctop.usuario(numct,contrasenia,nombre,paterno,materno,estaActivo,correo,celular,pumaPuntos,esProveedor,esAdministrador) VALUES ('961624326','$2a$10$b/cjHQrLX8JQhSICVlB/X.uZBrXD1fezkehBjin.Jh8KSU.1C0waK','Michell','Savoury','Francescotti',true,'mfrancescotti14@examiner.com','4562122497',68,false,false);
INSERT INTO ctop.usuario(numct,contrasenia,nombre,paterno,materno,estaActivo,correo,celular,pumaPuntos,esProveedor,esAdministrador) VALUES ('918494861','$2a$10$b/cjHQrLX8JQhSICVlB/X.uZBrXD1fezkehBjin.Jh8KSU.1C0waK','Annabell','Dorian','Boeter',true,'aboeter15@hp.com','6439668921',258,false,false);
INSERT INTO ctop.usuario(numct,contrasenia,nombre,paterno,materno,estaActivo,correo,celular,pumaPuntos,esProveedor,esAdministrador) VALUES ('770370173','$2a$10$b/cjHQrLX8JQhSICVlB/X.uZBrXD1fezkehBjin.Jh8KSU.1C0waK','Baxter','Whittles','Corwood',false,'bcorwood16@sohu.com','6903734374',205,false,false);
INSERT INTO ctop.usuario(numct,contrasenia,nombre,paterno,materno,estaActivo,correo,celular,pumaPuntos,esProveedor,esAdministrador) VALUES ('022700162','$2a$10$b/cjHQrLX8JQhSICVlB/X.uZBrXD1fezkehBjin.Jh8KSU.1C0waK','Ally','Bedbrough','Scafe',true,'ascafe17@hhs.gov','0461320289',337,false,false);
INSERT INTO ctop.usuario(numct,contrasenia,nombre,paterno,materno,estaActivo,correo,celular,pumaPuntos,esProveedor,esAdministrador) VALUES ('587819624','$2a$10$b/cjHQrLX8JQhSICVlB/X.uZBrXD1fezkehBjin.Jh8KSU.1C0waK','Meara','Pollard','Blatchford',false,'mblatchford18@amazon.co.uk','8371142888',193,true,true);
INSERT INTO ctop.usuario(numct,contrasenia,nombre,paterno,materno,estaActivo,correo,celular,pumaPuntos,esProveedor,esAdministrador) VALUES ('237140858','$2a$10$b/cjHQrLX8JQhSICVlB/X.uZBrXD1fezkehBjin.Jh8KSU.1C0waK','Ingunna','McNeillie','Doag',false,'idoag19@4shared.com','8726396132',480,false,false);
INSERT INTO ctop.usuario(numct,contrasenia,nombre,paterno,materno,estaActivo,correo,celular,pumaPuntos,esProveedor,esAdministrador) VALUES ('489551177','$2a$10$b/cjHQrLX8JQhSICVlB/X.uZBrXD1fezkehBjin.Jh8KSU.1C0waK','Banky','Reven','Hixley',true,'bhixley1a@slideshare.net','6718350726',19,true,true);
INSERT INTO ctop.usuario(numct,contrasenia,nombre,paterno,materno,estaActivo,correo,celular,pumaPuntos,esProveedor,esAdministrador) VALUES ('275902731','$2a$10$b/cjHQrLX8JQhSICVlB/X.uZBrXD1fezkehBjin.Jh8KSU.1C0waK','Brinn','Edlin','Silveston',true,'bsilveston1b@bbc.co.uk','4972342251',50,false,false);
INSERT INTO ctop.usuario(numct,contrasenia,nombre,paterno,materno,estaActivo,correo,celular,pumaPuntos,esProveedor,esAdministrador) VALUES ('860250836','$2a$10$b/cjHQrLX8JQhSICVlB/X.uZBrXD1fezkehBjin.Jh8KSU.1C0waK','Thomasine','Clapson','Issac',false,'tissac1c@t-online.de','6228193527',322,false,false);
INSERT INTO ctop.usuario(numct,contrasenia,nombre,paterno,materno,estaActivo,correo,celular,pumaPuntos,esProveedor,esAdministrador) VALUES ('853208590','$2a$10$b/cjHQrLX8JQhSICVlB/X.uZBrXD1fezkehBjin.Jh8KSU.1C0waK','Melantha','Castelin','Shimony',false,'mshimony1d@princeton.edu','3182171581',56,false,false);

-- carrera
INSERT INTO ctop.carrera(numct,carrera) VALUES ('381139872','neurociencias');
INSERT INTO ctop.carrera(numct,carrera) VALUES ('354684529','biologia');
INSERT INTO ctop.carrera(numct,carrera) VALUES ('377648756','ciencias de la tierra');
INSERT INTO ctop.carrera(numct,carrera) VALUES ('387381618','neurociencias');
INSERT INTO ctop.carrera(numct,carrera) VALUES ('338873962','actuaria');
INSERT INTO ctop.carrera(numct,carrera) VALUES ('345162950','matematicas aplicadas');
INSERT INTO ctop.carrera(numct,carrera) VALUES ('393558636','ciencias de la computacion');
INSERT INTO ctop.carrera(numct,carrera) VALUES ('300007261','fisica');
INSERT INTO ctop.carrera(numct,carrera) VALUES ('302924651','biologia');
INSERT INTO ctop.carrera(numct,carrera) VALUES ('358096630','ciencias forense');
INSERT INTO ctop.carrera(numct,carrera) VALUES ('331851247','matematicas aplicadas');
INSERT INTO ctop.carrera(numct,carrera) VALUES ('311627981','matematicas aplicadas');
INSERT INTO ctop.carrera(numct,carrera) VALUES ('313012120','ciencias de la tierra');
INSERT INTO ctop.carrera(numct,carrera) VALUES ('315122826','ciencias de la tierra');
INSERT INTO ctop.carrera(numct,carrera) VALUES ('383777020','fisica');
INSERT INTO ctop.carrera(numct,carrera) VALUES ('328893424','ciencias de la computacion');
INSERT INTO ctop.carrera(numct,carrera) VALUES ('300087311','actuaria');
INSERT INTO ctop.carrera(numct,carrera) VALUES ('320610978','fisica biomedica');
INSERT INTO ctop.carrera(numct,carrera) VALUES ('384740537','neurociencias');
INSERT INTO ctop.carrera(numct,carrera) VALUES ('320481361','ciencias forense');
INSERT INTO ctop.carrera(numct,carrera) VALUES ('316416111','fisica');
INSERT INTO ctop.carrera(numct,carrera) VALUES ('376317387','ciencias forense');
INSERT INTO ctop.carrera(numct,carrera) VALUES ('353912627','fisica biomedica');
INSERT INTO ctop.carrera(numct,carrera) VALUES ('339066540','neurociencias');
INSERT INTO ctop.carrera(numct,carrera) VALUES ('318961839','neurociencias');
INSERT INTO ctop.carrera(numct,carrera) VALUES ('392309313','fisica');
INSERT INTO ctop.carrera(numct,carrera) VALUES ('308005363','ciencias de la computacion');
INSERT INTO ctop.carrera(numct,carrera) VALUES ('390864864','neurociencias');
INSERT INTO ctop.carrera(numct,carrera) VALUES ('310199949','fisica biomedica');
INSERT INTO ctop.carrera(numct,carrera) VALUES ('313214685','manejo sustentable de zonas costeras');
INSERT INTO ctop.carrera(numct,carrera) VALUES ('338909247','actuaria');
INSERT INTO ctop.carrera(numct,carrera) VALUES ('374919607','neurociencias');
INSERT INTO ctop.carrera(numct,carrera) VALUES ('345765044','neurociencias');
INSERT INTO ctop.carrera(numct,carrera) VALUES ('351735542','matematicas aplicadas');
INSERT INTO ctop.carrera(numct,carrera) VALUES ('372605035','actuaria');

-- producto
INSERT INTO ctop.producto(codigo,numct,nombre,costoPuntos,diasRenta,descripcion) VALUES ('BA-F-NIKE000','338873962','Balon de futbol Nike',5,3,'Balon para jugar futbol.');
INSERT INTO ctop.producto(codigo,numct,nombre,costoPuntos,diasRenta,descripcion) VALUES ('BA-V-VOIT000','339066540','Balon de voleibol Voit',5,3,'Balon para jugar voleibol.');
INSERT INTO ctop.producto(codigo,numct,nombre,costoPuntos,diasRenta,descripcion) VALUES ('BA-B-SPAL000','374919607','Balon de basquetbol Spalding',5,3,'Balon para jugar basquetbol.');
INSERT INTO ctop.producto(codigo,numct,nombre,costoPuntos,diasRenta,descripcion) VALUES ('HASBR-MON000','380227740','Monopoly de Hasbro',10,5,'Jugar a ser millonario nunca fue tan facil y divertido.');
INSERT INTO ctop.producto(codigo,numct,nombre,costoPuntos,diasRenta,descripcion) VALUES ('UNO-MESA0000','303890238','Uno-Juego de mesa',10,5,'Juego de mesa Uno.');

-- existencias
INSERT INTO ctop.existencia(codigo,estaRentado) VALUES ('BA-F-NIKE000',true);
INSERT INTO ctop.existencia(codigo,estaRentado) VALUES ('BA-V-VOIT000',true);
INSERT INTO ctop.existencia(codigo,estaRentado) VALUES ('BA-B-SPAL000',true);
INSERT INTO ctop.existencia(codigo,estaRentado) VALUES ('HASBR-MON000',true);
INSERT INTO ctop.existencia(codigo,estaRentado) VALUES ('UNO-MESA0000',false);
INSERT INTO ctop.existencia(codigo,estaRentado) VALUES ('BA-F-NIKE000',false);
INSERT INTO ctop.existencia(codigo,estaRentado) VALUES ('BA-V-VOIT000',false);
INSERT INTO ctop.existencia(codigo,estaRentado) VALUES ('BA-B-SPAL000',true);
INSERT INTO ctop.existencia(codigo,estaRentado) VALUES ('HASBR-MON000',false);
INSERT INTO ctop.existencia(codigo,estaRentado) VALUES ('UNO-MESA0000',false);
INSERT INTO ctop.existencia(codigo,estaRentado) VALUES ('BA-F-NIKE000',true);
INSERT INTO ctop.existencia(codigo,estaRentado) VALUES ('BA-V-VOIT000',false);
INSERT INTO ctop.existencia(codigo,estaRentado) VALUES ('BA-B-SPAL000',true);
INSERT INTO ctop.existencia(codigo,estaRentado) VALUES ('HASBR-MON000',false);
INSERT INTO ctop.existencia(codigo,estaRentado) VALUES ('UNO-MESA0000',false);
INSERT INTO ctop.existencia(codigo,estaRentado) VALUES ('BA-F-NIKE000',false);
INSERT INTO ctop.existencia(codigo,estaRentado) VALUES ('BA-V-VOIT000',true);
INSERT INTO ctop.existencia(codigo,estaRentado) VALUES ('BA-B-SPAL000',false);
INSERT INTO ctop.existencia(codigo,estaRentado) VALUES ('HASBR-MON000',false);
INSERT INTO ctop.existencia(codigo,estaRentado) VALUES ('UNO-MESA0000',false);
INSERT INTO ctop.existencia(codigo,estaRentado) VALUES ('BA-F-NIKE000',true);
INSERT INTO ctop.existencia(codigo,estaRentado) VALUES ('BA-V-VOIT000',true);
INSERT INTO ctop.existencia(codigo,estaRentado) VALUES ('BA-B-SPAL000',false);
INSERT INTO ctop.existencia(codigo,estaRentado) VALUES ('HASBR-MON000',true);
INSERT INTO ctop.existencia(codigo,estaRentado) VALUES ('UNO-MESA0000',false);
INSERT INTO ctop.existencia(codigo,estaRentado) VALUES ('BA-F-NIKE000',false);
INSERT INTO ctop.existencia(codigo,estaRentado) VALUES ('BA-V-VOIT000',false);
INSERT INTO ctop.existencia(codigo,estaRentado) VALUES ('BA-B-SPAL000',false);
INSERT INTO ctop.existencia(codigo,estaRentado) VALUES ('HASBR-MON000',false);
INSERT INTO ctop.existencia(codigo,estaRentado) VALUES ('UNO-MESA0000',true);
INSERT INTO ctop.existencia(codigo,estaRentado) VALUES ('BA-F-NIKE000',false);
INSERT INTO ctop.existencia(codigo,estaRentado) VALUES ('BA-V-VOIT000',true);
INSERT INTO ctop.existencia(codigo,estaRentado) VALUES ('BA-B-SPAL000',true);
INSERT INTO ctop.existencia(codigo,estaRentado) VALUES ('HASBR-MON000',false);
INSERT INTO ctop.existencia(codigo,estaRentado) VALUES ('UNO-MESA0000',true);
INSERT INTO ctop.existencia(codigo,estaRentado) VALUES ('BA-F-NIKE000',true);
INSERT INTO ctop.existencia(codigo,estaRentado) VALUES ('BA-V-VOIT000',true);
INSERT INTO ctop.existencia(codigo,estaRentado) VALUES ('BA-B-SPAL000',false);
INSERT INTO ctop.existencia(codigo,estaRentado) VALUES ('HASBR-MON000',true);
INSERT INTO ctop.existencia(codigo,estaRentado) VALUES ('UNO-MESA0000',true);
INSERT INTO ctop.existencia(codigo,estaRentado) VALUES ('BA-F-NIKE000',true);
INSERT INTO ctop.existencia(codigo,estaRentado) VALUES ('BA-V-VOIT000',false);
INSERT INTO ctop.existencia(codigo,estaRentado) VALUES ('BA-B-SPAL000',true);
INSERT INTO ctop.existencia(codigo,estaRentado) VALUES ('HASBR-MON000',true);
INSERT INTO ctop.existencia(codigo,estaRentado) VALUES ('UNO-MESA0000',true);
INSERT INTO ctop.existencia(codigo,estaRentado) VALUES ('BA-F-NIKE000',false);
INSERT INTO ctop.existencia(codigo,estaRentado) VALUES ('BA-V-VOIT000',true);
INSERT INTO ctop.existencia(codigo,estaRentado) VALUES ('BA-B-SPAL000',false);
INSERT INTO ctop.existencia(codigo,estaRentado) VALUES ('HASBR-MON000',true);
INSERT INTO ctop.existencia(codigo,estaRentado) VALUES ('UNO-MESA0000',false);
INSERT INTO ctop.existencia(codigo,estaRentado) VALUES ('BA-F-NIKE000',false);
INSERT INTO ctop.existencia(codigo,estaRentado) VALUES ('BA-V-VOIT000',false);
INSERT INTO ctop.existencia(codigo,estaRentado) VALUES ('BA-B-SPAL000',true);
INSERT INTO ctop.existencia(codigo,estaRentado) VALUES ('HASBR-MON000',false);
INSERT INTO ctop.existencia(codigo,estaRentado) VALUES ('UNO-MESA0000',true);
INSERT INTO ctop.existencia(codigo,estaRentado) VALUES ('BA-F-NIKE000',true);
INSERT INTO ctop.existencia(codigo,estaRentado) VALUES ('BA-V-VOIT000',true);
INSERT INTO ctop.existencia(codigo,estaRentado) VALUES ('BA-B-SPAL000',false);
INSERT INTO ctop.existencia(codigo,estaRentado) VALUES ('HASBR-MON000',false);
INSERT INTO ctop.existencia(codigo,estaRentado) VALUES ('UNO-MESA0000',true);

-- rentar
INSERT INTO ctop.rentar(numct,idExistencia,fechaDevolucion,fechaRenta) VALUES ('338909247',1,NULL,'2022-04-03');
INSERT INTO ctop.rentar(numct,idExistencia,fechaDevolucion,fechaRenta) VALUES ('353208590',2,NULL,'2022-08-23');
INSERT INTO ctop.rentar(numct,idExistencia,fechaDevolucion,fechaRenta) VALUES ('376317387',3,NULL,'2022-07-11');
INSERT INTO ctop.rentar(numct,idExistencia,fechaDevolucion,fechaRenta) VALUES ('338909247',4,NULL,'2021-12-07');
INSERT INTO ctop.rentar(numct,idExistencia,fechaDevolucion,fechaRenta) VALUES ('322700162',8,NULL,'2022-09-09');
INSERT INTO ctop.rentar(numct,idExistencia,fechaDevolucion,fechaRenta) VALUES ('316416111',11,NULL,'2022-01-03');
INSERT INTO ctop.rentar(numct,idExistencia,fechaDevolucion,fechaRenta) VALUES ('351735542',13,NULL,'2021-11-24');
INSERT INTO ctop.rentar(numct,idExistencia,fechaDevolucion,fechaRenta) VALUES ('320481361',17,NULL,'2022-01-31');
INSERT INTO ctop.rentar(numct,idExistencia,fechaDevolucion,fechaRenta) VALUES ('351735542',21,NULL,'2022-05-16');
INSERT INTO ctop.rentar(numct,idExistencia,fechaDevolucion,fechaRenta) VALUES ('392309313',22,NULL,'2022-06-22');
INSERT INTO ctop.rentar(numct,idExistencia,fechaDevolucion,fechaRenta) VALUES ('393558636',24,NULL,'2021-12-01');
INSERT INTO ctop.rentar(numct,idExistencia,fechaDevolucion,fechaRenta) VALUES ('308005363',30,NULL,'2021-10-09');
INSERT INTO ctop.rentar(numct,idExistencia,fechaDevolucion,fechaRenta) VALUES ('308005363',32,NULL,'2021-11-17');
INSERT INTO ctop.rentar(numct,idExistencia,fechaDevolucion,fechaRenta) VALUES ('320610978',33,NULL,'2022-04-04');
INSERT INTO ctop.rentar(numct,idExistencia,fechaDevolucion,fechaRenta) VALUES ('358096630',35,NULL,'2022-07-29');
INSERT INTO ctop.rentar(numct,idExistencia,fechaDevolucion,fechaRenta) VALUES ('315122826',36,NULL,'2021-10-21');
INSERT INTO ctop.rentar(numct,idExistencia,fechaDevolucion,fechaRenta) VALUES ('380227740',37,NULL,'2022-08-15');
INSERT INTO ctop.rentar(numct,idExistencia,fechaDevolucion,fechaRenta) VALUES ('353208590',39,NULL,'2022-04-08');
INSERT INTO ctop.rentar(numct,idExistencia,fechaDevolucion,fechaRenta) VALUES ('310199949',40,NULL,'2021-10-19');
INSERT INTO ctop.rentar(numct,idExistencia,fechaDevolucion,fechaRenta) VALUES ('300007261',41,NULL,'2022-07-05');
INSERT INTO ctop.rentar(numct,idExistencia,fechaDevolucion,fechaRenta) VALUES ('372605035',43,NULL,'2021-11-18');
INSERT INTO ctop.rentar(numct,idExistencia,fechaDevolucion,fechaRenta) VALUES ('381139872',44,NULL,'2022-08-04');
INSERT INTO ctop.rentar(numct,idExistencia,fechaDevolucion,fechaRenta) VALUES ('392309313',45,NULL,'2022-06-06');
INSERT INTO ctop.rentar(numct,idExistencia,fechaDevolucion,fechaRenta) VALUES ('320481361',47,NULL,'2022-06-13');
INSERT INTO ctop.rentar(numct,idExistencia,fechaDevolucion,fechaRenta) VALUES ('377648756',49,NULL,'2022-05-21');
INSERT INTO ctop.rentar(numct,idExistencia,fechaDevolucion,fechaRenta) VALUES ('374919607',53,NULL,'2022-03-21');
INSERT INTO ctop.rentar(numct,idExistencia,fechaDevolucion,fechaRenta) VALUES ('338873962',55,NULL,'2022-08-03');
INSERT INTO ctop.rentar(numct,idExistencia,fechaDevolucion,fechaRenta) VALUES ('375902731',56,NULL,'2022-08-22');
INSERT INTO ctop.rentar(numct,idExistencia,fechaDevolucion,fechaRenta) VALUES ('328893424',57,NULL,'2022-09-04');
INSERT INTO ctop.rentar(numct,idExistencia,fechaDevolucion,fechaRenta) VALUES ('322700162',60,NULL,'2022-03-18');
