-- usuario
INSERT INTO ctop.usuario(numct,contrasenia,nombre,paterno,materno,estaActivo,correo,celular,pumaPuntos,esProveedor,esAdministrador) VALUES ('331851247','ailyn:3','Ailyn','Bonus','Andriuzzi',true,'ailyn@ciencias.unam.mx','2580255746',335,false,false);
INSERT INTO ctop.usuario(numct,contrasenia,nombre,paterno,materno,estaActivo,correo,celular,pumaPuntos,esProveedor,esAdministrador) VALUES ('311627981','itzy_l0','Itzel','Van''t Hoff','Doge',false,'izt@ciencias.unam.mx','1177329161',47,false,false);
INSERT INTO ctop.usuario(numct,contrasenia,nombre,paterno,materno,estaActivo,correo,celular,pumaPuntos,esProveedor,esAdministrador) VALUES ('313012120','dem.dem14','Demian','Ferrers','Monkton',true,'dem@ciencias.unam.mx',297,false,false);
INSERT INTO ctop.usuario(numct,contrasenia,nombre,paterno,materno,estaActivo,correo,celular,pumaPuntos,esProveedor,esAdministrador) VALUES ('315122826','josS80','José','Playford','Dell''Abbate',true,'jose@ciencias.unam.mx','9345020068',280,false,false);
INSERT INTO ctop.usuario(numct,contrasenia,nombre,paterno,materno,estaActivo,correo,celular,pumaPuntos,esProveedor,esAdministrador) VALUES ('383777020','mari_1#e','María','Trill','DeSousa',false,'maria@ciencias.unam.mx','3069093598',245,false,false);
INSERT INTO ctop.usuario(numct,contrasenia,nombre,paterno,materno,estaActivo,correo,celular,pumaPuntos,esProveedor,esAdministrador) VALUES ('328893424','isr00_6','Israel','Kemmish','Eastment',true,'isra@ciencias.unam.mx','1281191275',245,false,false);
INSERT INTO ctop.usuario(numct,contrasenia,nombre,paterno,materno,estaActivo,correo,celular,pumaPuntos,esProveedor,esAdministrador) VALUES ('300087311','Jes_yes01','Jessica','Goodspeed','Bartholomew',true,'jes@ciencias.unam.mx','3084126790',250,false,false);
INSERT INTO ctop.usuario(numct,contrasenia,nombre,paterno,materno,estaActivo,correo,celular,pumaPuntos,esProveedor,esAdministrador) VALUES ('320610978','ximUwO','Ximena','Pinniger','Sorsby',false,'xim@ciencias.unam.mx','2135031448',237,false,false);
INSERT INTO ctop.usuario(numct,contrasenia,nombre,paterno,materno,estaActivo,correo,celular,pumaPuntos,esProveedor,esAdministrador) VALUES ('384740537','Pao7/7','Paola','Sturgeon','Maccaddie',true,'paol@ciencias.unam.mx','9877709748',296,false,false);
INSERT INTO ctop.usuario(numct,contrasenia,nombre,paterno,materno,estaActivo,correo,celular,pumaPuntos,esProveedor,esAdministrador) VALUES ('320481361','Rubn_n','Rubén','Rolfe','Etoile',false,'ruben@ciencias.unam.mx',433,false,false);
INSERT INTO ctop.usuario(numct,contrasenia,nombre,paterno,materno,estaActivo,correo,celular,pumaPuntos,esProveedor,esAdministrador) VALUES ('316416111','eric_kw5','Erick','Coweuppe','Gate',true,'erick@ciencias.unam.mx','9498115504',441,false,false);
INSERT INTO ctop.usuario(numct,contrasenia,nombre,paterno,materno,estaActivo,correo,celular,pumaPuntos,esProveedor,esAdministrador) VALUES ('376317387','66_angel_','Ángel','Borland','Dewett',false,'hangel@ciencias.unam.mx','4929254145',179,false,false);
INSERT INTO ctop.usuario(numct,contrasenia,nombre,paterno,materno,estaActivo,correo,celular,pumaPuntos,esProveedor,esAdministrador) VALUES ('353912627','luis/0543','Luis','Scryne','Hache',true,'luis@ciencias.unam.mx','2412175456',422,false,false);
INSERT INTO ctop.usuario(numct,contrasenia,nombre,paterno,materno,estaActivo,correo,celular,pumaPuntos,esProveedor,esAdministrador) VALUES ('339066540','mariel_343','Mariel','Thorn','De Gouy',true,'mariel@ciencias.unam.mx','7057552057',174,true,false);
INSERT INTO ctop.usuario(numct,contrasenia,nombre,paterno,materno,estaActivo,correo,celular,pumaPuntos,esProveedor,esAdministrador) VALUES ('318961839','viky_iii','Victoria','Escot','Farish',true,'vik@ciencias.unam.mx','7498234619',325,true,true);
INSERT INTO ctop.usuario(numct,contrasenia,nombre,paterno,materno,estaActivo,correo,celular,pumaPuntos,esProveedor,esAdministrador) VALUES ('392309313','juli_mobau','Julieta','Winpenny','Waters',true,'jul@ciencias.unam.mx','0227346013',185,false,false);
INSERT INTO ctop.usuario(numct,contrasenia,nombre,paterno,materno,estaActivo,correo,celular,pumaPuntos,esProveedor,esAdministrador) VALUES ('308005363','al45_0434','Alan','Paffitt','Kleinhandler',true,'alan@ciencias.unam.mx','9621730843',325,false,false);
INSERT INTO ctop.usuario(numct,contrasenia,nombre,paterno,materno,estaActivo,correo,celular,pumaPuntos,esProveedor,esAdministrador) VALUES ('390864864','alex_cc','Alexis','Cockhill','Mulhall',false,'alex@ciencias.unam.mx.com','3276788840',285,false,false);
INSERT INTO ctop.usuario(numct,contrasenia,nombre,paterno,materno,estaActivo,correo,celular,pumaPuntos,esProveedor,esAdministrador) VALUES ('381139872','04&_Sabr','Sabrina','McClory','Killingworth',false,'sab13@ciencias.unam.mx','3556525442',397,false,false);
INSERT INTO ctop.usuario(numct,contrasenia,nombre,paterno,materno,estaActivo,correo,celular,pumaPuntos,esProveedor,esAdministrador) VALUES ('354684529','osk.lblb','Oscar','Leathem','Boyd',true,'osK85@ciencias.unam.mx',199,false,false);
INSERT INTO ctop.usuario(numct,contrasenia,nombre,paterno,materno,estaActivo,correo,celular,pumaPuntos,esProveedor,esAdministrador) VALUES ('377648756','dani_4#D','Daniel','Arkell','Mitcham',true,'danda@ciencias.unam.mx','0127665971',173,false,false);
INSERT INTO ctop.usuario(numct,contrasenia,nombre,paterno,materno,estaActivo,correo,celular,pumaPuntos,esProveedor,esAdministrador) VALUES ('387381618','HBrun_64','Bruno','Huddles','Lamping',false,'bruMa@ciencias.unam.mx','9273877879',91,false,false);
INSERT INTO ctop.usuario(numct,contrasenia,nombre,paterno,materno,estaActivo,correo,celular,pumaPuntos,esProveedor,esAdministrador) VALUES ('338873962','kar0ii','Karen','Coupland','Hardware',true,'karen@ciencias.unam.mx','0007878233',427,true,false);
INSERT INTO ctop.usuario(numct,contrasenia,nombre,paterno,materno,estaActivo,correo,celular,pumaPuntos,esProveedor,esAdministrador) VALUES ('345162950','cyn_$tri','Cynthia','Brann','Neagle',true,'cyncin@ciencias.unam.mx','1211113004',469,false,false);
INSERT INTO ctop.usuario(numct,contrasenia,nombre,paterno,materno,estaActivo,correo,celular,pumaPuntos,esProveedor,esAdministrador) VALUES ('393558636','Je_s6u%','Jesús','Vosper','McKevitt',true,'jesus@ciencias.unam.mx','8254164262',196,false,false);
INSERT INTO ctop.usuario(numct,contrasenia,nombre,paterno,materno,estaActivo,correo,celular,pumaPuntos,esProveedor,esAdministrador) VALUES ('300007261','77/55car','Carlos','Bockett','Clardge',false,'car0658@ciencias.unam.mx','1236209742',226,true,true);
INSERT INTO ctop.usuario(numct,contrasenia,nombre,paterno,materno,estaActivo,correo,celular,pumaPuntos,esProveedor,esAdministrador) VALUES ('302924651','sal_99{','Saúl','Wolsey','Luckham',false,'saul@ciencias.unam.mx','4554872917',452,false,false);
INSERT INTO ctop.usuario(numct,contrasenia,nombre,paterno,materno,estaActivo,correo,celular,pumaPuntos,esProveedor,esAdministrador) VALUES ('358096630','val_val43','Valeria','Shitliff','Matuszak',true,'val@ciencias.unam.mx','1357956107',446,false,false);
INSERT INTO ctop.usuario(numct,contrasenia,nombre,paterno,materno,estaActivo,correo,celular,pumaPuntos,esProveedor,esAdministrador) VALUES ('310199949','ianIan3','Ian','Grouer','Gwillym',false,'ian@ciencias.unam.mx','7600744924',301,true,true);
INSERT INTO ctop.usuario(numct,contrasenia,nombre,paterno,materno,estaActivo,correo,celular,pumaPuntos,esProveedor,esAdministrador) VALUES ('313214685','tab54_02','Tabata','Colleran','Jayme',true,'taba@ciencias.unam.mx','7849848113',40,false,false);
INSERT INTO ctop.usuario(numct,contrasenia,nombre,paterno,materno,estaActivo,correo,celular,pumaPuntos,esProveedor,esAdministrador) VALUES ('338909247','9$jGis','Giselle','Van der Veldt','O'' Mulderrig',true,'giss@ciencias.unam.mx','3603448598',20,false,false);
INSERT INTO ctop.usuario(numct,contrasenia,nombre,paterno,materno,estaActivo,correo,celular,pumaPuntos,esProveedor,esAdministrador) VALUES ('374919607','val964_4','Valentina','Philpott','Ambrosch',false,'vale@ciencias.unam.mx','6311657439',177,true,false);
INSERT INTO ctop.usuario(numct,contrasenia,nombre,paterno,materno,estaActivo,correo,celular,pumaPuntos,esProveedor,esAdministrador) VALUES ('345765044','56_adr1','Adrián','Toffaloni','Sillitoe',false,'adrian@ciencias.unam.mx','7812177355',419,false,false);
INSERT INTO ctop.usuario(numct,contrasenia,nombre,paterno,materno,estaActivo,correo,celular,pumaPuntos,esProveedor,esAdministrador) VALUES ('351735542','4939om','Omar','Coffey','Kilmister',false,'omar@ciencias.unam.mx','0535801606',455,false,false);
INSERT INTO ctop.usuario(numct,contrasenia,nombre,paterno,materno,estaActivo,correo,celular,pumaPuntos,esProveedor,esAdministrador) VALUES ('372605035','050jor','Jorge','Burrows','Presshaugh',true,'jorge@ciencias.unam.mx','1047251901',124,false,false);
INSERT INTO ctop.usuario(numct,contrasenia,nombre,paterno,materno,estaActivo,correo,celular,pumaPuntos,esProveedor,esAdministrador) VALUES ('372787739','isai{k5','Isaías','Stearne','Melwall',true,'isa@ciencias.unam.mx','6840100303',335,false,false);
INSERT INTO ctop.usuario(numct,contrasenia,nombre,paterno,materno,estaActivo,correo,celular,pumaPuntos,esProveedor,esAdministrador) VALUES ('377503983','sil.ss6','Silvia','Killiam','Gibbins',true,'sil@ciencias.unam.mx','9316457292',435,false,false);
INSERT INTO ctop.usuario(numct,contrasenia,nombre,paterno,materno,estaActivo,correo,celular,pumaPuntos,esProveedor,esAdministrador) VALUES ('380227740','edg_ppl','Edgar','Hanford','Celle',false,'edgar@ciencias.unam.mx','7790767122',13,true,false);
INSERT INTO ctop.usuario(numct,contrasenia,nombre,paterno,materno,estaActivo,correo,celular,pumaPuntos,esProveedor,esAdministrador) VALUES ('303890238','isa++ac','Isaac','Coull','Killford',true,'isaac@ciencias.unam.mx','8956508968',136,true,false);
INSERT INTO ctop.usuario(numct,contrasenia,nombre,paterno,materno,estaActivo,correo,celular,pumaPuntos,esProveedor,esAdministrador) VALUES ('327948051','arm{43w','Armando','Stott','Cuningham',false,'arm@ciencias.unam.mx','6247760772',163,false,false);
INSERT INTO ctop.usuario(numct,contrasenia,nombre,paterno,materno,estaActivo,correo,celular,pumaPuntos,esProveedor,esAdministrador) VALUES ('361624326','mich_l5l5','Michell','Savoury','Francescotti',true,'michell@ciencias.unam.mx','4562122497',68,false,false);
INSERT INTO ctop.usuario(numct,contrasenia,nombre,paterno,materno,estaActivo,correo,celular,pumaPuntos,esProveedor,esAdministrador) VALUES ('318494861','janet&2','Janet','Dorian','Boeter',true,'janet@ciencias.unam.mx','6439668921',258,false,false);
INSERT INTO ctop.usuario(numct,contrasenia,nombre,paterno,materno,estaActivo,correo,celular,pumaPuntos,esProveedor,esAdministrador) VALUES ('370370173','abr#45','Abraham','Whittles','Corwood',false,'abraham@ciencias.unam.mx','6903734374',205,false,false);
INSERT INTO ctop.usuario(numct,contrasenia,nombre,paterno,materno,estaActivo,correo,celular,pumaPuntos,esProveedor,esAdministrador) VALUES ('322700162','alx-0a','Alexia','Bedbrough','Scafe',true,'alexia@ciencias.unam.mx','0461320289',337,false,false);
INSERT INTO ctop.usuario(numct,contrasenia,nombre,paterno,materno,estaActivo,correo,celular,pumaPuntos,esProveedor,esAdministrador) VALUES ('387819624','l1zb3_dk','Lizbeth','Pollard','Blatchford',false,'liz@ciencias.unam.mx','8371142888',193,true,true);
INSERT INTO ctop.usuario(numct,contrasenia,nombre,paterno,materno,estaActivo,correo,celular,pumaPuntos,esProveedor,esAdministrador) VALUES ('337140858','la0r4_5','Laura','McNeillie','Doag',false,'lau@ciencias.unam.mx','8726396132',480,false,false);
INSERT INTO ctop.usuario(numct,contrasenia,nombre,paterno,materno,estaActivo,correo,celular,pumaPuntos,esProveedor,esAdministrador) VALUES ('389551177','mari_d1','Mariana','Reven','Hixley',true,'marian@ciencias.unam.mx','6718350726',19,true,true);
INSERT INTO ctop.usuario(numct,contrasenia,nombre,paterno,materno,estaActivo,correo,celular,pumaPuntos,esProveedor,esAdministrador) VALUES ('375902731','sech89','Sergio','Edlin','Silveston',true,'ser@ciencias.unam.mx','4972342251',50,false,false);
INSERT INTO ctop.usuario(numct,contrasenia,nombre,paterno,materno,estaActivo,correo,celular,pumaPuntos,esProveedor,esAdministrador) VALUES ('360250836','128osv','Osvaldo','Clapson','Issac',false,'osvaldo@ciencias.unam.mx','6228193527',322,false,false);
INSERT INTO ctop.usuario(numct,contrasenia,nombre,paterno,materno,estaActivo,correo,celular,pumaPuntos,esProveedor,esAdministrador) VALUES ('353208590','kar0099','Karla','Castelin','Shimony',false,'karla@ciencias.unam.mx','3182171581',56,false,false);

-- carrera
INSERT INTO ctop.carrera(numct,carrera) VALUES ('381139872','neurociencias');
INSERT INTO ctop.carrera(numct,carrera) VALUES ('354684529','biologia');
INSERT INTO ctop.carrera(numct,carrera) VALUES ('377648756','ciencias de la tierra');
INSERT INTO ctop.carrera(numct,carrera) VALUES ('387381618','neurociencias');
INSERT INTO ctop.carrera(numct,carrera) VALUES ('338873962','actuaria');
INSERT INTO ctop.carrera(numct,carrera) VALUES ('345162950','matematicas aplicadas');
INSERT INTO ctop.carrera(numct,carrera) VALUES ('393558636','ciencias de la computacion');
INSERT INTO ctop.carrera(numct,carrera) VALUES ('300007261','fisica');
INSERT INTO ctop.carrera(numct,carrera) VALUES ('302924651','biologia');
INSERT INTO ctop.carrera(numct,carrera) VALUES ('358096630','ciencias forense');
INSERT INTO ctop.carrera(numct,carrera) VALUES ('331851247','matematicas aplicadas');
INSERT INTO ctop.carrera(numct,carrera) VALUES ('311627981','matematicas aplicadas');
INSERT INTO ctop.carrera(numct,carrera) VALUES ('313012120','ciencias de la tierra');
INSERT INTO ctop.carrera(numct,carrera) VALUES ('315122826','ciencias de la tierra');
INSERT INTO ctop.carrera(numct,carrera) VALUES ('383777020','fisica');
INSERT INTO ctop.carrera(numct,carrera) VALUES ('328893424','ciencias de la computacion');
INSERT INTO ctop.carrera(numct,carrera) VALUES ('300087311','actuaria');
INSERT INTO ctop.carrera(numct,carrera) VALUES ('320610978','fisica biomedica');
INSERT INTO ctop.carrera(numct,carrera) VALUES ('384740537','neurociencias');
INSERT INTO ctop.carrera(numct,carrera) VALUES ('320481361','ciencias forense');
INSERT INTO ctop.carrera(numct,carrera) VALUES ('316416111','fisica');
INSERT INTO ctop.carrera(numct,carrera) VALUES ('376317387','ciencias forense');
INSERT INTO ctop.carrera(numct,carrera) VALUES ('353912627','fisica biomedica');
INSERT INTO ctop.carrera(numct,carrera) VALUES ('339066540','neurociencias');
INSERT INTO ctop.carrera(numct,carrera) VALUES ('318961839','neurociencias');
INSERT INTO ctop.carrera(numct,carrera) VALUES ('392309313','fisica');
INSERT INTO ctop.carrera(numct,carrera) VALUES ('308005363','ciencias de la computacion');
INSERT INTO ctop.carrera(numct,carrera) VALUES ('390864864','neurociencias');
INSERT INTO ctop.carrera(numct,carrera) VALUES ('310199949','fisica biomedica');
INSERT INTO ctop.carrera(numct,carrera) VALUES ('313214685','manejo sustentable de zonas costeras');
INSERT INTO ctop.carrera(numct,carrera) VALUES ('338909247','actuaria');
INSERT INTO ctop.carrera(numct,carrera) VALUES ('374919607','neurociencias');
INSERT INTO ctop.carrera(numct,carrera) VALUES ('345765044','neurociencias');
INSERT INTO ctop.carrera(numct,carrera) VALUES ('351735542','matematicas aplicadas');
INSERT INTO ctop.carrera(numct,carrera) VALUES ('372605035','actuaria');

-- producto
INSERT INTO ctop.producto(codigo,numct,nombre,costoPuntos,diasRenta,descripcion) VALUES ('BA-F-NIKE000','338873962','Balon de futbol Nike',5,3,'Balon para jugar futbol.');
INSERT INTO ctop.producto(codigo,numct,nombre,costoPuntos,diasRenta,descripcion) VALUES ('BA-V-VOIT000','339066540','Balon de voleibol Voit',5,3,'Balon para jugar voleibol.');
INSERT INTO ctop.producto(codigo,numct,nombre,costoPuntos,diasRenta,descripcion) VALUES ('BA-B-SPAL000','374919607','Balon de basquetbol Spalding',5,3,'Balon para jugar basquetbol.');
INSERT INTO ctop.producto(codigo,numct,nombre,costoPuntos,diasRenta,descripcion) VALUES ('HASBR-MON000','380227740','Monopoly de Hasbro',10,5,'Jugar a ser millonario nunca fue tan facil y divertido.');
INSERT INTO ctop.producto(codigo,numct,nombre,costoPuntos,diasRenta,descripcion) VALUES ('UNO-MESA0000','303890238','Uno-Juego de mesa',10,5,'Juego de mesa Uno.');

-- existencias
INSERT INTO ctop.existencia(codigo,estaRentado) VALUES ('BA-F-NIKE000',true);
INSERT INTO ctop.existencia(codigo,estaRentado) VALUES ('BA-V-VOIT000',true);
INSERT INTO ctop.existencia(codigo,estaRentado) VALUES ('BA-B-SPAL000',true);
INSERT INTO ctop.existencia(codigo,estaRentado) VALUES ('HASBR-MON000',true);
INSERT INTO ctop.existencia(codigo,estaRentado) VALUES ('UNO-MESA0000',false);
INSERT INTO ctop.existencia(codigo,estaRentado) VALUES ('BA-F-NIKE000',false);
INSERT INTO ctop.existencia(codigo,estaRentado) VALUES ('BA-V-VOIT000',false);
INSERT INTO ctop.existencia(codigo,estaRentado) VALUES ('BA-B-SPAL000',true);
INSERT INTO ctop.existencia(codigo,estaRentado) VALUES ('HASBR-MON000',false);
INSERT INTO ctop.existencia(codigo,estaRentado) VALUES ('UNO-MESA0000',false);
INSERT INTO ctop.existencia(codigo,estaRentado) VALUES ('BA-F-NIKE000',true);
INSERT INTO ctop.existencia(codigo,estaRentado) VALUES ('BA-V-VOIT000',false);
INSERT INTO ctop.existencia(codigo,estaRentado) VALUES ('BA-B-SPAL000',true);
INSERT INTO ctop.existencia(codigo,estaRentado) VALUES ('HASBR-MON000',false);
INSERT INTO ctop.existencia(codigo,estaRentado) VALUES ('UNO-MESA0000',false);
INSERT INTO ctop.existencia(codigo,estaRentado) VALUES ('BA-F-NIKE000',false);
INSERT INTO ctop.existencia(codigo,estaRentado) VALUES ('BA-V-VOIT000',true);
INSERT INTO ctop.existencia(codigo,estaRentado) VALUES ('BA-B-SPAL000',false);
INSERT INTO ctop.existencia(codigo,estaRentado) VALUES ('HASBR-MON000',false);
INSERT INTO ctop.existencia(codigo,estaRentado) VALUES ('UNO-MESA0000',false);
INSERT INTO ctop.existencia(codigo,estaRentado) VALUES ('BA-F-NIKE000',true);
INSERT INTO ctop.existencia(codigo,estaRentado) VALUES ('BA-V-VOIT000',true);
INSERT INTO ctop.existencia(codigo,estaRentado) VALUES ('BA-B-SPAL000',false);
INSERT INTO ctop.existencia(codigo,estaRentado) VALUES ('HASBR-MON000',true);
INSERT INTO ctop.existencia(codigo,estaRentado) VALUES ('UNO-MESA0000',false);
INSERT INTO ctop.existencia(codigo,estaRentado) VALUES ('BA-F-NIKE000',false);
INSERT INTO ctop.existencia(codigo,estaRentado) VALUES ('BA-V-VOIT000',false);
INSERT INTO ctop.existencia(codigo,estaRentado) VALUES ('BA-B-SPAL000',false);
INSERT INTO ctop.existencia(codigo,estaRentado) VALUES ('HASBR-MON000',false);
INSERT INTO ctop.existencia(codigo,estaRentado) VALUES ('UNO-MESA0000',true);
INSERT INTO ctop.existencia(codigo,estaRentado) VALUES ('BA-F-NIKE000',false);
INSERT INTO ctop.existencia(codigo,estaRentado) VALUES ('BA-V-VOIT000',true);
INSERT INTO ctop.existencia(codigo,estaRentado) VALUES ('BA-B-SPAL000',true);
INSERT INTO ctop.existencia(codigo,estaRentado) VALUES ('HASBR-MON000',false);
INSERT INTO ctop.existencia(codigo,estaRentado) VALUES ('UNO-MESA0000',true);
INSERT INTO ctop.existencia(codigo,estaRentado) VALUES ('BA-F-NIKE000',true);
INSERT INTO ctop.existencia(codigo,estaRentado) VALUES ('BA-V-VOIT000',true);
INSERT INTO ctop.existencia(codigo,estaRentado) VALUES ('BA-B-SPAL000',false);
INSERT INTO ctop.existencia(codigo,estaRentado) VALUES ('HASBR-MON000',true);
INSERT INTO ctop.existencia(codigo,estaRentado) VALUES ('UNO-MESA0000',true);
INSERT INTO ctop.existencia(codigo,estaRentado) VALUES ('BA-F-NIKE000',true);
INSERT INTO ctop.existencia(codigo,estaRentado) VALUES ('BA-V-VOIT000',false);
INSERT INTO ctop.existencia(codigo,estaRentado) VALUES ('BA-B-SPAL000',true);
INSERT INTO ctop.existencia(codigo,estaRentado) VALUES ('HASBR-MON000',true);
INSERT INTO ctop.existencia(codigo,estaRentado) VALUES ('UNO-MESA0000',true);
INSERT INTO ctop.existencia(codigo,estaRentado) VALUES ('BA-F-NIKE000',false);
INSERT INTO ctop.existencia(codigo,estaRentado) VALUES ('BA-V-VOIT000',true);
INSERT INTO ctop.existencia(codigo,estaRentado) VALUES ('BA-B-SPAL000',false);
INSERT INTO ctop.existencia(codigo,estaRentado) VALUES ('HASBR-MON000',true);
INSERT INTO ctop.existencia(codigo,estaRentado) VALUES ('UNO-MESA0000',false);
INSERT INTO ctop.existencia(codigo,estaRentado) VALUES ('BA-F-NIKE000',false);
INSERT INTO ctop.existencia(codigo,estaRentado) VALUES ('BA-V-VOIT000',false);
INSERT INTO ctop.existencia(codigo,estaRentado) VALUES ('BA-B-SPAL000',true);
INSERT INTO ctop.existencia(codigo,estaRentado) VALUES ('HASBR-MON000',false);
INSERT INTO ctop.existencia(codigo,estaRentado) VALUES ('UNO-MESA0000',true);
INSERT INTO ctop.existencia(codigo,estaRentado) VALUES ('BA-F-NIKE000',true);
INSERT INTO ctop.existencia(codigo,estaRentado) VALUES ('BA-V-VOIT000',true);
INSERT INTO ctop.existencia(codigo,estaRentado) VALUES ('BA-B-SPAL000',false);
INSERT INTO ctop.existencia(codigo,estaRentado) VALUES ('HASBR-MON000',false);
INSERT INTO ctop.existencia(codigo,estaRentado) VALUES ('UNO-MESA0000',true);

-- rentar
INSERT INTO ctop.rentar(numct,idExistencia,fechaDevolucion,fechaRenta) VALUES ('338909247',1,NULL,'2022-04-03');
INSERT INTO ctop.rentar(numct,idExistencia,fechaDevolucion,fechaRenta) VALUES ('353208590',2,NULL,'2022-08-23');
INSERT INTO ctop.rentar(numct,idExistencia,fechaDevolucion,fechaRenta) VALUES ('376317387',3,NULL,'2022-07-11');
INSERT INTO ctop.rentar(numct,idExistencia,fechaDevolucion,fechaRenta) VALUES ('338909247',4,NULL,'2021-12-07');
INSERT INTO ctop.rentar(numct,idExistencia,fechaDevolucion,fechaRenta) VALUES ('322700162',8,NULL,'2022-09-09');
INSERT INTO ctop.rentar(numct,idExistencia,fechaDevolucion,fechaRenta) VALUES ('316416111',11,NULL,'2022-01-03');
INSERT INTO ctop.rentar(numct,idExistencia,fechaDevolucion,fechaRenta) VALUES ('351735542',13,NULL,'2021-11-24');
INSERT INTO ctop.rentar(numct,idExistencia,fechaDevolucion,fechaRenta) VALUES ('320481361',17,NULL,'2022-01-31');
INSERT INTO ctop.rentar(numct,idExistencia,fechaDevolucion,fechaRenta) VALUES ('351735542',21,NULL,'2022-05-16');
INSERT INTO ctop.rentar(numct,idExistencia,fechaDevolucion,fechaRenta) VALUES ('392309313',22,NULL,'2022-06-22');
INSERT INTO ctop.rentar(numct,idExistencia,fechaDevolucion,fechaRenta) VALUES ('393558636',24,NULL,'2021-12-01');
INSERT INTO ctop.rentar(numct,idExistencia,fechaDevolucion,fechaRenta) VALUES ('308005363',30,NULL,'2021-10-09');
INSERT INTO ctop.rentar(numct,idExistencia,fechaDevolucion,fechaRenta) VALUES ('308005363',32,NULL,'2021-11-17');
INSERT INTO ctop.rentar(numct,idExistencia,fechaDevolucion,fechaRenta) VALUES ('320610978',33,NULL,'2022-04-04');
INSERT INTO ctop.rentar(numct,idExistencia,fechaDevolucion,fechaRenta) VALUES ('358096630',35,NULL,'2022-07-29');
INSERT INTO ctop.rentar(numct,idExistencia,fechaDevolucion,fechaRenta) VALUES ('315122826',36,NULL,'2021-10-21');
INSERT INTO ctop.rentar(numct,idExistencia,fechaDevolucion,fechaRenta) VALUES ('380227740',37,NULL,'2022-08-15');
INSERT INTO ctop.rentar(numct,idExistencia,fechaDevolucion,fechaRenta) VALUES ('353208590',39,NULL,'2022-04-08');
INSERT INTO ctop.rentar(numct,idExistencia,fechaDevolucion,fechaRenta) VALUES ('310199949',40,NULL,'2021-10-19');
INSERT INTO ctop.rentar(numct,idExistencia,fechaDevolucion,fechaRenta) VALUES ('300007261',41,NULL,'2022-07-05');
INSERT INTO ctop.rentar(numct,idExistencia,fechaDevolucion,fechaRenta) VALUES ('372605035',43,NULL,'2021-11-18');
INSERT INTO ctop.rentar(numct,idExistencia,fechaDevolucion,fechaRenta) VALUES ('381139872',44,NULL,'2022-08-04');
INSERT INTO ctop.rentar(numct,idExistencia,fechaDevolucion,fechaRenta) VALUES ('392309313',45,NULL,'2022-06-06');
INSERT INTO ctop.rentar(numct,idExistencia,fechaDevolucion,fechaRenta) VALUES ('320481361',47,NULL,'2022-06-13');
INSERT INTO ctop.rentar(numct,idExistencia,fechaDevolucion,fechaRenta) VALUES ('377648756',49,NULL,'2022-05-21');
INSERT INTO ctop.rentar(numct,idExistencia,fechaDevolucion,fechaRenta) VALUES ('374919607',53,NULL,'2022-03-21');
INSERT INTO ctop.rentar(numct,idExistencia,fechaDevolucion,fechaRenta) VALUES ('338873962',55,NULL,'2022-08-03');
INSERT INTO ctop.rentar(numct,idExistencia,fechaDevolucion,fechaRenta) VALUES ('375902731',56,NULL,'2022-08-22');
INSERT INTO ctop.rentar(numct,idExistencia,fechaDevolucion,fechaRenta) VALUES ('328893424',57,NULL,'2022-09-04');
INSERT INTO ctop.rentar(numct,idExistencia,fechaDevolucion,fechaRenta) VALUES ('322700162',60,NULL,'2022-03-18');
